variant,N,seed,pos_err_cm,attach_auroc
sim_only,0,0,11.6719,0.5
sim_only,0,1,11.6719,0.5
sim_only,0,2,11.6719,0.5
sim_only,5,0,12.3461,0.827
sim_only,5,1,13.2401,0.8294
sim_only,5,2,13.3604,0.8363
sim_only,10,0,12.8281,0.8322
sim_only,10,1,11.9338,0.8632
sim_only,10,2,14.6965,0.8456
sim_only,25,0,14.6435,0.8841
sim_only,25,1,13.3573,0.8898
sim_only,25,2,13.1597,0.8918
sim_only,50,0,14.5265,0.9706
sim_only,50,1,13.5067,0.976
sim_only,50,2,12.4919,0.9746
sim_only,100,0,13.0638,0.9789
sim_only,100,1,13.4129,0.9726
sim_only,100,2,12.9867,0.9729
sim_only,300,0,11.9548,0.9859
sim_only,300,1,15.7822,0.985
sim_only,300,2,15.128,0.9855
pretrain_ft,0,0,20.0562,0.7859
pretrain_ft,0,1,18.6286,0.824
pretrain_ft,0,2,15.0667,0.8198
pretrain_ft,5,0,16.209,0.951
pretrain_ft,5,1,16.1232,0.9555
pretrain_ft,5,2,14.2277,0.957
pretrain_ft,10,0,15.6755,0.9496
pretrain_ft,10,1,14.06,0.9473
pretrain_ft,10,2,11.7865,0.9456
pretrain_ft,25,0,18.1838,0.9516
pretrain_ft,25,1,17.8899,0.9445
pretrain_ft,25,2,15.7675,0.9553
pretrain_ft,50,0,18.2693,0.9565
pretrain_ft,50,1,21.9988,0.9553
pretrain_ft,50,2,14.5619,0.9623
pretrain_ft,100,0,18.0896,0.9587
pretrain_ft,100,1,22.1954,0.9593
pretrain_ft,100,2,14.5881,0.9638
pretrain_ft,300,0,18.0218,0.958
pretrain_ft,300,1,22.5353,0.9632
pretrain_ft,300,2,15.3108,0.9671
cotrain,0,0,15.0321,0.7663
cotrain,0,1,15.1521,0.861
cotrain,0,2,14.0778,0.8256
cotrain,5,0,13.7949,0.8617
cotrain,5,1,13.1813,0.8631
cotrain,5,2,12.911,0.8601
cotrain,10,0,15.5807,0.888
cotrain,10,1,17.3852,0.8698
cotrain,10,2,13.6613,0.8911
cotrain,25,0,16.9278,0.9471
cotrain,25,1,12.175,0.9363
cotrain,25,2,16.5276,0.9506
cotrain,50,0,15.3175,0.9629
cotrain,50,1,14.2982,0.9587
cotrain,50,2,15.3507,0.9587
cotrain,100,0,13.7487,0.9639
cotrain,100,1,13.1827,0.967
cotrain,100,2,13.8665,0.9654
cotrain,300,0,16.3567,0.9665
cotrain,300,1,14.8955,0.9666
cotrain,300,2,17.146,0.9607
