clip,type,valid_hand,valid_block,n_grasp,reproj_px,start_err_m,k,pass
1,success,1.0,1.0,1,7.43,0.01,1.11,1
2,success,1.0,1.0,1,7.05,0.005,1.074,1
3,success,0.922,1.0,1,8.18,0.0065,1.104,1
4,success,1.0,1.0,1,10.7,0.0124,3.398,1
5,success,1.0,1.0,1,9.8,0.0041,12.381,1
6,success,1.0,1.0,1,8.79,0.0065,1.752,1
7,success,1.0,1.0,1,8.6,0.0021,2.158,1
8,success,1.0,1.0,1,8.53,0.0127,1.251,1
9,success,1.0,1.0,1,9.1,0.0121,1.525,1
10,success,1.0,1.0,1,12.9,0.0076,17.248,1
11,success,1.0,1.0,1,8.27,0.0042,1.103,1
12,success,1.0,1.0,1,9.06,0.0064,1.44,1
13,success,1.0,1.0,1,7.97,0.0133,1.161,1
14,success,1.0,1.0,1,8.1,0.0009,1.186,1
15,success,1.0,1.0,1,8.06,0.0048,1.189,1
16,success,1.0,1.0,1,13.38,0.0164,11.476,1
17,success,1.0,1.0,1,7.78,0.0145,1.471,1
18,success,1.0,1.0,1,10.05,0.0022,1.551,1
19,success,1.0,1.0,1,7.4,0.0105,1.363,1
20,success,1.0,1.0,1,7.95,0.0072,1.374,1
21,success,1.0,1.0,1,10.0,0.0026,1.616,1
22,success,1.0,1.0,1,8.43,0.0019,1.618,1
23,success,1.0,1.0,1,10.6,0.0043,1.527,1
24,success,1.0,1.0,1,9.11,0.0109,1.144,1
25,success,1.0,1.0,1,7.4,0.0026,1.136,1
26,success,1.0,1.0,1,8.89,0.0084,1.709,1
27,success,1.0,1.0,1,8.83,0.0038,1.355,1
28,success,0.873,1.0,1,8.0,0.0066,1.496,0
29,success,1.0,1.0,1,10.32,0.0022,1.802,1
30,success,1.0,1.0,1,9.0,0.0047,1.603,1
31,F1,1.0,1.0,2,5.87,0.0059,1.3,0
32,F1,1.0,1.0,3,7.14,0.0125,1.539,0
33,F1,0.913,1.0,2,8.53,0.0148,1.489,0
34,F1,1.0,1.0,2,7.78,0.0079,1.538,0
35,F2,1.0,1.0,1,7.78,0.0173,1.175,1
36,F2,1.0,1.0,1,9.13,0.0025,1.306,1
37,F2,0.938,1.0,2,9.2,0.0075,1.658,0
38,F2,1.0,1.0,1,6.46,0.0141,1.537,1
39,F3,1.0,1.0,1,7.73,0.0145,1.593,1
40,F3,1.0,1.0,1,7.9,0.0153,1.684,1
41,F3,1.0,1.0,1,8.55,0.0116,1.605,1
42,F3,1.0,1.0,1,8.8,0.0102,1.498,1
43,F4,1.0,1.0,8,6.76,0.0071,1.407,0
44,F4,1.0,1.0,6,5.84,0.0061,1.542,0
45,F4,1.0,1.0,4,9.73,0.0105,1.555,0
