method,goal,seed,clip,success,xy_err_m
naive,plate,0,1,0,0.0992
two_anchor,plate,0,1,0,0.0992
hybrid,plate,0,1,1,0.0077
naive,plate,1,2,0,0.247
two_anchor,plate,1,2,1,0.0148
hybrid,plate,1,2,1,0.0083
naive,plate,2,3,0,0.1985
two_anchor,plate,2,3,0,0.1078
hybrid,plate,2,3,1,0.0092
naive,plate,3,4,0,0.1656
two_anchor,plate,3,4,0,0.0496
hybrid,plate,3,4,1,0.0108
naive,plate,4,5,0,0.1724
two_anchor,plate,4,5,0,0.1005
hybrid,plate,4,5,1,0.0089
naive,plate,5,6,0,0.2211
two_anchor,plate,5,6,0,0.0493
hybrid,plate,5,6,1,0.0076
naive,plate,6,7,0,0.3306
two_anchor,plate,6,7,1,0.0052
hybrid,plate,6,7,1,0.0079
naive,plate,7,8,0,0.2714
two_anchor,plate,7,8,0,0.088
hybrid,plate,7,8,1,0.0083
naive,plate,8,9,0,0.2093
two_anchor,plate,8,9,0,0.1203
hybrid,plate,8,9,1,0.0092
naive,plate,9,10,0,0.2073
two_anchor,plate,9,10,0,0.0504
hybrid,plate,9,10,1,0.0075
naive,plate,10,11,0,0.2857
two_anchor,plate,10,11,1,0.0093
hybrid,plate,10,11,1,0.0092
naive,plate,11,12,0,0.2223
two_anchor,plate,11,12,1,0.0091
hybrid,plate,11,12,1,0.0092
naive,plate,12,13,0,0.3074
two_anchor,plate,12,13,0,0.1172
hybrid,plate,12,13,1,0.0078
naive,plate,13,14,0,0.2379
two_anchor,plate,13,14,1,0.0218
hybrid,plate,13,14,1,0.0088
naive,plate,14,15,0,0.2022
two_anchor,plate,14,15,1,0.0063
hybrid,plate,14,15,1,0.007
naive,plate,15,16,0,0.3205
two_anchor,plate,15,16,0,0.0916
hybrid,plate,15,16,1,0.0083
naive,plate,16,17,0,0.3389
two_anchor,plate,16,17,0,0.1157
hybrid,plate,16,17,1,0.0103
naive,plate,17,18,0,0.2646
two_anchor,plate,17,18,1,0.0127
hybrid,plate,17,18,1,0.0069
naive,plate,18,19,0,0.2556
two_anchor,plate,18,19,1,0.0236
hybrid,plate,18,19,1,0.0097
naive,plate,19,20,0,0.3483
two_anchor,plate,19,20,0,0.1058
hybrid,plate,19,20,1,0.0083
naive,plate,20,21,0,0.374
two_anchor,plate,20,21,0,0.0838
hybrid,plate,20,21,1,0.0226
naive,plate,21,22,0,0.2075
two_anchor,plate,21,22,0,0.0529
hybrid,plate,21,22,1,0.0077
naive,plate,22,23,0,0.1944
two_anchor,plate,22,23,1,0.0124
hybrid,plate,22,23,1,0.0078
naive,plate,23,24,0,0.254
two_anchor,plate,23,24,1,0.0081
hybrid,plate,23,24,1,0.007
naive,plate,24,25,0,0.2083
two_anchor,plate,24,25,0,0.1464
hybrid,plate,24,25,1,0.0084
naive,plate,25,26,0,0.3428
two_anchor,plate,25,26,1,0.0095
hybrid,plate,25,26,1,0.0143
naive,plate,26,27,0,0.2226
two_anchor,plate,26,27,0,0.054
hybrid,plate,26,27,1,0.0069
naive,plate,27,28,0,0.33
two_anchor,plate,27,28,1,0.0218
hybrid,plate,27,28,1,0.0095
naive,plate,28,29,0,0.3418
two_anchor,plate,28,29,1,0.0111
hybrid,plate,28,29,1,0.0091
naive,plate,29,30,0,0.1365
two_anchor,plate,29,30,0,0.1063
hybrid,plate,29,30,1,0.0088
naive,plate,30,1,0,0.3239
two_anchor,plate,30,1,0,0.048
hybrid,plate,30,1,1,0.0079
naive,plate,31,2,0,0.1719
two_anchor,plate,31,2,0,0.0409
hybrid,plate,31,2,1,0.0078
naive,plate,32,3,0,0.1527
two_anchor,plate,32,3,0,0.0911
hybrid,plate,32,3,1,0.0073
naive,plate,33,4,0,0.1706
two_anchor,plate,33,4,1,0.0082
hybrid,plate,33,4,1,0.0088
naive,plate,34,5,0,0.1505
two_anchor,plate,34,5,0,0.094
hybrid,plate,34,5,1,0.008
naive,plate,35,6,0,0.3066
two_anchor,plate,35,6,1,0.0145
hybrid,plate,35,6,1,0.01
naive,plate,36,7,0,0.2341
two_anchor,plate,36,7,0,0.0506
hybrid,plate,36,7,1,0.0093
naive,plate,37,8,0,0.1596
two_anchor,plate,37,8,1,0.006
hybrid,plate,37,8,1,0.0058
naive,plate,38,9,0,0.1647
two_anchor,plate,38,9,1,0.0188
hybrid,plate,38,9,1,0.0076
naive,plate,39,10,0,0.249
two_anchor,plate,39,10,0,0.0901
hybrid,plate,39,10,1,0.007
naive,plate,40,11,0,0.259
two_anchor,plate,40,11,1,0.0098
hybrid,plate,40,11,1,0.0087
naive,plate,41,12,0,0.2084
two_anchor,plate,41,12,1,0.0055
hybrid,plate,41,12,1,0.0069
naive,plate,42,13,0,0.1832
two_anchor,plate,42,13,1,0.0066
hybrid,plate,42,13,1,0.0078
naive,plate,43,14,0,0.3578
two_anchor,plate,43,14,0,0.3831
hybrid,plate,43,14,1,0.0077
naive,plate,44,15,0,0.341
two_anchor,plate,44,15,1,0.0051
hybrid,plate,44,15,1,0.009
naive,plate,45,16,0,0.3305
two_anchor,plate,45,16,0,0.0803
hybrid,plate,45,16,1,0.0085
naive,plate,46,17,0,0.2693
two_anchor,plate,46,17,1,0.0155
hybrid,plate,46,17,1,0.0069
naive,plate,47,18,0,0.269
two_anchor,plate,47,18,1,0.0112
hybrid,plate,47,18,1,0.0083
naive,plate,48,19,0,0.174
two_anchor,plate,48,19,0,0.1086
hybrid,plate,48,19,1,0.0057
naive,plate,49,20,0,0.394
two_anchor,plate,49,20,0,0.1433
hybrid,plate,49,20,1,0.0095
naive,pad,0,2,0,0.2178
two_anchor,pad,0,2,1,0.0066
hybrid,pad,0,2,1,0.0075
naive,pad,1,3,0,0.2105
two_anchor,pad,1,3,0,0.041
hybrid,pad,1,3,1,0.0082
naive,pad,2,4,0,0.1191
two_anchor,pad,2,4,1,0.0151
hybrid,pad,2,4,1,0.0103
naive,pad,3,5,0,0.226
two_anchor,pad,3,5,1,0.0206
hybrid,pad,3,5,1,0.0099
naive,pad,4,6,0,0.1724
two_anchor,pad,4,6,0,0.0642
hybrid,pad,4,6,1,0.007
naive,pad,5,7,0,0.2211
two_anchor,pad,5,7,0,0.059
hybrid,pad,5,7,1,0.0078
naive,pad,6,8,0,0.3451
two_anchor,pad,6,8,1,0.0145
hybrid,pad,6,8,1,0.01
naive,pad,7,9,0,0.2714
two_anchor,pad,7,9,1,0.0086
hybrid,pad,7,9,1,0.0071
naive,pad,8,10,0,0.2302
two_anchor,pad,8,10,1,0.0187
hybrid,pad,8,10,1,0.0083
naive,pad,9,11,0,0.2073
two_anchor,pad,9,11,1,0.0044
hybrid,pad,9,11,1,0.0076
naive,pad,10,12,0,0.2857
two_anchor,pad,10,12,1,0.0087
hybrid,pad,10,12,1,0.009
naive,pad,11,13,0,0.2223
two_anchor,pad,11,13,1,0.0164
hybrid,pad,11,13,1,0.009
naive,pad,12,14,0,0.3074
two_anchor,pad,12,14,1,0.02
hybrid,pad,12,14,1,0.0067
naive,pad,13,15,0,0.2379
two_anchor,pad,13,15,1,0.0056
hybrid,pad,13,15,1,0.008
naive,pad,14,16,0,0.2022
two_anchor,pad,14,16,1,0.0115
hybrid,pad,14,16,1,0.0072
naive,pad,15,17,0,0.3205
two_anchor,pad,15,17,0,0.3678
hybrid,pad,15,17,1,0.0057
naive,pad,16,18,0,0.3389
two_anchor,pad,16,18,0,0.0695
hybrid,pad,16,18,1,0.0077
naive,pad,17,19,0,0.2646
two_anchor,pad,17,19,0,0.0328
hybrid,pad,17,19,1,0.0059
naive,pad,18,20,0,0.2556
two_anchor,pad,18,20,0,0.0805
hybrid,pad,18,20,1,0.0084
naive,pad,19,21,0,0.3483
two_anchor,pad,19,21,0,0.1496
hybrid,pad,19,21,1,0.0095
naive,pad,20,22,0,0.374
two_anchor,pad,20,22,0,0.089
hybrid,pad,20,22,1,0.0067
naive,pad,21,23,0,0.2075
two_anchor,pad,21,23,1,0.0108
hybrid,pad,21,23,1,0.0075
naive,pad,22,24,0,0.2183
two_anchor,pad,22,24,0,0.0674
hybrid,pad,22,24,1,0.007
naive,pad,23,25,0,0.254
two_anchor,pad,23,25,0,0.0443
hybrid,pad,23,25,1,0.0071
naive,pad,24,26,0,0.2083
two_anchor,pad,24,26,1,0.0218
hybrid,pad,24,26,1,0.0067
naive,pad,25,27,0,0.3683
two_anchor,pad,25,27,0,0.6197
hybrid,pad,25,27,0,0.6275
naive,pad,26,28,0,0.2188
two_anchor,pad,26,28,0,0.0692
hybrid,pad,26,28,1,0.006
naive,pad,27,29,0,0.33
two_anchor,pad,27,29,1,0.0175
hybrid,pad,27,29,1,0.0078
naive,pad,28,30,0,0.3418
two_anchor,pad,28,30,1,0.008
hybrid,pad,28,30,1,0.0074
naive,pad,29,1,0,0.1519
two_anchor,pad,29,1,1,0.0194
hybrid,pad,29,1,1,0.0076
naive,pad,30,2,0,0.3239
two_anchor,pad,30,2,0,0.0784
hybrid,pad,30,2,1,0.0111
naive,pad,31,3,0,0.1719
two_anchor,pad,31,3,0,0.2032
hybrid,pad,31,3,1,0.006
naive,pad,32,4,0,0.1527
two_anchor,pad,32,4,0,0.0861
hybrid,pad,32,4,1,0.0065
naive,pad,33,5,0,0.1711
two_anchor,pad,33,5,0,0.05
hybrid,pad,33,5,1,0.009
naive,pad,34,6,0,0.1505
two_anchor,pad,34,6,0,0.0828
hybrid,pad,34,6,1,0.0088
naive,pad,35,7,0,0.2662
two_anchor,pad,35,7,0,0.1284
hybrid,pad,35,7,1,0.0105
naive,pad,36,8,0,0.1783
two_anchor,pad,36,8,1,0.011
hybrid,pad,36,8,1,0.0082
naive,pad,37,9,0,0.1596
two_anchor,pad,37,9,0,0.0551
hybrid,pad,37,9,1,0.0072
naive,pad,38,10,0,0.1647
two_anchor,pad,38,10,0,0.0785
hybrid,pad,38,10,1,0.0078
naive,pad,39,11,0,0.249
two_anchor,pad,39,11,0,0.1038
hybrid,pad,39,11,1,0.008
naive,pad,40,12,0,0.259
two_anchor,pad,40,12,1,0.0101
hybrid,pad,40,12,1,0.0084
naive,pad,41,13,0,0.2084
two_anchor,pad,41,13,1,0.021
hybrid,pad,41,13,1,0.0088
naive,pad,42,14,0,0.1832
two_anchor,pad,42,14,1,0.0121
hybrid,pad,42,14,1,0.0084
naive,pad,43,15,0,0.3553
two_anchor,pad,43,15,1,0.0248
hybrid,pad,43,15,1,0.0073
naive,pad,44,16,0,0.2931
two_anchor,pad,44,16,0,0.0861
hybrid,pad,44,16,1,0.0094
naive,pad,45,17,0,0.3305
two_anchor,pad,45,17,0,0.3708
hybrid,pad,45,17,1,0.0068
naive,pad,46,18,0,0.2693
two_anchor,pad,46,18,1,0.0109
hybrid,pad,46,18,1,0.0075
naive,pad,47,19,0,0.269
two_anchor,pad,47,19,1,0.0119
hybrid,pad,47,19,1,0.0079
naive,pad,48,20,0,0.174
two_anchor,pad,48,20,1,0.0157
hybrid,pad,48,20,1,0.0066
naive,pad,49,21,0,0.394
two_anchor,pad,49,21,0,0.162
hybrid,pad,49,21,1,0.0085
naive,box,0,3,0,0.1802
two_anchor,box,0,3,1,0.0045
hybrid,box,0,3,1,0.0063
naive,box,1,4,0,0.2105
two_anchor,box,1,4,0,0.0666
hybrid,box,1,4,1,0.0087
naive,box,2,5,0,0.161
two_anchor,box,2,5,0,0.1173
hybrid,box,2,5,1,0.0084
naive,box,3,6,0,0.226
two_anchor,box,3,6,0,0.1044
hybrid,box,3,6,1,0.0092
naive,box,4,7,0,0.1724
two_anchor,box,4,7,0,0.0877
hybrid,box,4,7,1,0.0074
naive,box,5,8,0,0.2211
two_anchor,box,5,8,0,0.0873
hybrid,box,5,8,1,0.0083
naive,box,6,9,0,0.3306
two_anchor,box,6,9,1,0.0239
hybrid,box,6,9,1,0.0059
naive,box,7,10,0,0.2714
two_anchor,box,7,10,0,0.0857
hybrid,box,7,10,1,0.0085
naive,box,8,11,0,0.182
two_anchor,box,8,11,0,0.0662
hybrid,box,8,11,1,0.0081
naive,box,9,12,0,0.2073
two_anchor,box,9,12,0,0.0656
hybrid,box,9,12,1,0.007
naive,box,10,13,0,0.2857
two_anchor,box,10,13,0,0.1095
hybrid,box,10,13,1,0.0079
naive,box,11,14,0,0.2223
two_anchor,box,11,14,0,0.0901
hybrid,box,11,14,1,0.008
naive,box,12,15,0,0.3074
two_anchor,box,12,15,0,0.0916
hybrid,box,12,15,1,0.0072
naive,box,13,16,0,0.2379
two_anchor,box,13,16,0,0.0927
hybrid,box,13,16,1,0.0087
naive,box,14,17,0,0.2022
two_anchor,box,14,17,0,0.1016
hybrid,box,14,17,1,0.0068
naive,box,15,18,0,0.3205
two_anchor,box,15,18,0,0.0912
hybrid,box,15,18,1,0.008
naive,box,16,19,0,0.3389
two_anchor,box,16,19,0,0.0738
hybrid,box,16,19,1,0.0085
naive,box,17,20,0,0.2646
two_anchor,box,17,20,0,0.0813
hybrid,box,17,20,1,0.0077
naive,box,18,21,0,0.2556
two_anchor,box,18,21,0,0.0862
hybrid,box,18,21,1,0.0052
naive,box,19,22,0,0.3483
two_anchor,box,19,22,0,0.0374
hybrid,box,19,22,1,0.0137
naive,box,20,23,0,0.374
two_anchor,box,20,23,1,0.0116
hybrid,box,20,23,1,0.0058
naive,box,21,24,0,0.2075
two_anchor,box,21,24,0,0.0999
hybrid,box,21,24,1,0.0072
naive,box,22,25,0,0.1941
two_anchor,box,22,25,0,0.1115
hybrid,box,22,25,1,0.0064
naive,box,23,26,0,0.254
two_anchor,box,23,26,1,0.0289
hybrid,box,23,26,1,0.001
naive,box,24,27,0,0.2083
two_anchor,box,24,27,1,0.027
hybrid,box,24,27,1,0.0072
naive,box,25,28,0,0.3428
two_anchor,box,25,28,1,0.0236
hybrid,box,25,28,1,0.013
naive,box,26,29,0,0.2188
two_anchor,box,26,29,0,0.1001
hybrid,box,26,29,1,0.0069
naive,box,27,30,0,0.33
two_anchor,box,27,30,0,0.08
hybrid,box,27,30,1,0.0053
naive,box,28,1,0,0.3418
two_anchor,box,28,1,0,0.0366
hybrid,box,28,1,1,0.0089
naive,box,29,2,0,0.1519
two_anchor,box,29,2,0,0.0625
hybrid,box,29,2,1,0.0092
naive,box,30,3,0,0.3239
two_anchor,box,30,3,0,0.068
hybrid,box,30,3,1,0.0076
naive,box,31,4,0,0.1719
two_anchor,box,31,4,0,0.0763
hybrid,box,31,4,1,0.0087
naive,box,32,5,0,0.1527
two_anchor,box,32,5,0,0.0605
hybrid,box,32,5,1,0.0091
naive,box,33,6,0,0.1711
two_anchor,box,33,6,0,0.0789
hybrid,box,33,6,1,0.0075
naive,box,34,7,0,0.1505
two_anchor,box,34,7,0,0.0757
hybrid,box,34,7,1,0.0087
naive,box,35,8,0,0.2458
two_anchor,box,35,8,0,0.1097
hybrid,box,35,8,1,0.0088
naive,box,36,9,0,0.1783
two_anchor,box,36,9,0,0.0738
hybrid,box,36,9,1,0.0072
naive,box,37,10,0,0.1596
two_anchor,box,37,10,0,0.0449
hybrid,box,37,10,1,0.0056
naive,box,38,11,0,0.1647
two_anchor,box,38,11,0,0.0632
hybrid,box,38,11,1,0.0075
naive,box,39,12,0,0.249
two_anchor,box,39,12,0,0.1017
hybrid,box,39,12,1,0.0069
naive,box,40,13,0,0.259
two_anchor,box,40,13,0,0.1173
hybrid,box,40,13,1,0.0075
naive,box,41,14,0,0.2084
two_anchor,box,41,14,0,0.0392
hybrid,box,41,14,1,0.0072
naive,box,42,15,0,0.1832
two_anchor,box,42,15,0,0.0692
hybrid,box,42,15,1,0.0081
naive,box,43,16,0,0.3553
two_anchor,box,43,16,0,0.0925
hybrid,box,43,16,1,0.0083
naive,box,44,17,0,0.2931
two_anchor,box,44,17,0,0.1046
hybrid,box,44,17,1,0.0119
naive,box,45,18,0,0.3305
two_anchor,box,45,18,0,0.0936
hybrid,box,45,18,1,0.0083
naive,box,46,19,0,0.2693
two_anchor,box,46,19,1,0.0255
hybrid,box,46,19,1,0.0082
naive,box,47,20,0,0.269
two_anchor,box,47,20,0,0.0974
hybrid,box,47,20,1,0.0063
naive,box,48,21,0,0.174
two_anchor,box,48,21,0,0.0324
hybrid,box,48,21,1,0.0053
naive,box,49,22,0,0.394
two_anchor,box,49,22,1,0.009
hybrid,box,49,22,0,0.1939
