clip,type,valid_hand,valid_block,n_grasp,depth_ok_frac,pass
1,success,1.0,1.0,1,0.612,1
2,success,1.0,1.0,1,0.722,1
3,success,1.0,1.0,1,0.816,1
4,success,1.0,1.0,1,0.652,1
5,success,1.0,1.0,1,0.781,1
6,success,1.0,1.0,1,0.721,1
7,success,1.0,1.0,1,0.828,1
8,success,1.0,1.0,1,0.756,1
9,success,1.0,1.0,1,0.789,1
10,success,1.0,1.0,1,0.964,1
11,success,1.0,1.0,1,0.661,1
12,success,1.0,1.0,1,0.652,1
13,success,1.0,1.0,1,0.673,1
14,success,1.0,1.0,1,0.675,1
15,success,1.0,1.0,1,0.731,1
16,success,1.0,1.0,1,0.951,1
17,success,1.0,1.0,1,0.674,1
18,success,1.0,1.0,1,0.942,1
19,success,1.0,1.0,1,0.263,1
20,success,1.0,1.0,1,0.532,1
21,success,1.0,1.0,1,0.901,1
22,success,1.0,1.0,1,0.422,1
23,success,1.0,1.0,1,0.745,1
24,success,1.0,1.0,1,0.665,1
25,success,1.0,1.0,1,0.846,1
26,success,1.0,1.0,1,0.656,1
27,success,1.0,1.0,1,0.578,1
28,success,1.0,1.0,1,0.601,1
29,success,1.0,1.0,1,0.608,1
30,success,1.0,1.0,1,0.57,1
31,F1,1.0,1.0,2,0.336,1
32,F1,1.0,1.0,3,0.234,1
33,F1,1.0,1.0,2,0.454,1
34,F1,1.0,1.0,2,0.491,1
35,F2,1.0,1.0,1,0.306,1
36,F2,1.0,1.0,1,0.598,1
37,F2,1.0,1.0,2,0.269,1
38,F2,1.0,1.0,1,0.146,1
39,F3,1.0,1.0,1,0.675,1
40,F3,1.0,1.0,1,0.361,1
41,F3,1.0,1.0,1,0.692,1
42,F3,1.0,1.0,1,0.556,1
43,F4,1.0,1.0,8,0.351,1
44,F4,1.0,1.0,6,0.103,1
45,F4,1.0,1.0,4,0.382,1
