clip,type,kappa_g,kappa_r,depth_ok_frac,reject_rate,n_reinit,release_err_cm,release_err_height_cm,mean_n_kept
1,success,1.1440519149088586,1.0843418793391941,0.6115992970123023,0.4024604569420035,4,10.928313777335166,6.806213137682396,3.601054481546573
2,success,1.1557165114422947,1.057733152202446,0.7219101123595506,0.28651685393258425,1,12.79715732161205,4.43125308381864,3.7191011235955056
3,success,1.1745731707506322,1.2372781426906079,0.8162162162162162,0.20540540540540542,2,8.073138854571214,7.108316955099653,3.597297297297297
4,success,1.1588191394424945,1.099666427551847,0.6522911051212938,0.40161725067385445,8,9.905448638341085,6.192015850567377,3.6307277628032346
5,success,1.1756520710579188,1.0769840357758365,0.781437125748503,0.2245508982035928,1,9.998432865944478,4.1476405212498175,3.781437125748503
6,success,1.1320365376733523,1.1516509110842315,0.7210031347962382,0.31347962382445144,4,8.187769960359237,7.370272558539699,3.7210031347962382
7,success,1.1365335762306759,1.1441278196587314,0.8275862068965517,0.1724137931034483,0,7.079282963024096,6.595497498858566,3.8275862068965516
8,success,1.1822774543145516,0.9952221338123987,0.7564469914040115,0.25501432664756446,2,22.177111235719448,3.2490352931603406,3.7220630372492836
9,success,1.1269581159689146,1.1558398816063293,0.7887788778877888,0.21782178217821782,1,5.815970379416231,5.783627178530808,3.7854785478547854
10,success,1.1814052451414705,1.0302277010415364,0.9636363636363636,0.03636363636363636,0,16.911382097464873,1.9432031110874932,3.963636363636364
11,success,1.1950912337433186,0.9711713631164439,0.6611295681063123,0.3488372093023256,1,18.96601692977165,0.7566483377328407,3.611295681063123
12,success,1.1604078553353496,1.1524280761492371,0.6516129032258065,0.36774193548387096,3,3.3917292683299314,2.5098107860031895,3.6516129032258067
13,success,1.1203486014720452,1.1805998356099516,0.672566371681416,0.33185840707964603,1,6.860863640952617,5.714724104724006,3.584070796460177
14,success,1.3092519363485406,1.0761667488013573,0.6752577319587629,0.3479381443298969,3,24.525286674660034,1.3655461660311965,3.6752577319587627
15,success,1.1923049099795546,1.1212460991704443,0.7308970099667774,0.2757475083056478,1,7.653118120576561,3.933735882583431,3.7308970099667773
16,success,1.1178564262982742,1.0388157532617361,0.9507692307692308,0.06461538461538462,2,12.095928665950591,5.607766741561972,3.9415384615384617
17,success,1.1505023397469918,1.0357616817947348,0.6742671009771987,0.3322475570032573,1,13.463839270693603,2.470302936754899,3.6710097719869705
18,success,1.1645368340522795,1.074979276680462,0.9417808219178082,0.05821917808219178,0,11.381902575282325,3.6426565851027832,3.941780821917808
19,success,1.1987278859826656,1.1227834399780927,0.2625,0.75,2,10.121596727340991,6.328824375702288,3.25625
20,success,1.172832491352446,1.1090408101897513,0.53156146179402,0.4950166112956811,4,8.296248875755056,4.628416631111769,3.521594684385382
21,success,1.1539203280796304,0.9957000794701195,0.9010238907849829,0.09897610921501707,0,17.123439277159207,4.121387680596935,3.901023890784983
22,success,1.144541906058791,1.0756935720806415,0.4215686274509804,0.5849673202614379,1,13.358256760513413,9.543263426873544,3.418300653594771
23,success,1.1759894710752359,1.0406725686308913,0.7448979591836735,0.25510204081632654,0,13.641015041335264,1.957795317863557,3.738095238095238
24,success,1.216495992326516,1.0260261366191894,0.6647058823529411,0.34705882352941175,2,21.787262060502417,2.5092588715866144,3.664705882352941
25,success,1.1595272578175162,1.1273396265447977,0.8455497382198953,0.15706806282722513,0,7.126222323725312,5.184108292043445,3.845549738219895
26,success,1.2604557240134198,1.1326786549718877,0.656441717791411,0.35276073619631904,1,14.643070838174015,5.933951239384249,3.6564417177914113
27,success,1.1658526068388395,1.1698604626882747,0.577639751552795,0.468944099378882,6,7.552832675999543,6.861093667530427,3.5745341614906834
28,success,1.1706866217429381,0.9967490692572628,0.6011560693641619,0.43352601156069365,6,22.175339868962936,5.110483300771558,3.5895953757225434
29,success,1.1731364372749875,1.0580673679786912,0.6075085324232082,0.4197952218430034,4,11.31810817349495,2.2744215768438716,3.6040955631399316
30,success,1.254993856907854,1.1423458833725861,0.5700325732899023,0.44299674267100975,2,10.837964711499602,4.652804244254829,3.570032573289902
31,F1,1.1417893939778185,0.9384411680418963,0.33630952380952384,0.6845238095238095,3,26.96435480325885,5.292908836552302,3.3333333333333335
32,F1,1.142583632703613,0.8974812606530932,0.23391812865497075,0.7807017543859649,2,28.583895468758946,9.688521191924277,3.0292397660818713
33,F1,1.0987407348758598,0.8391486129639419,0.4535211267605634,0.5746478873239437,4,37.3330262284363,6.454862378988127,3.174647887323944
34,F1,1.0874021789599233,1.1028193259104715,0.4911242603550296,0.5502958579881657,5,7.919153202812207,7.595156657607179,3.4911242603550297
35,F2,1.144675954161015,1.134915315994188,0.3064516129032258,0.7073732718894009,3,12.068120716056347,10.800690428205876,3.089861751152074
36,F2,1.188730647218617,1.1224356948583785,0.5977961432506887,0.41597796143250687,1,12.449497359015954,9.137557864493722,3.5922865013774103
37,F2,1.1323906051050285,0.8179304234358693,0.2689075630252101,0.7478991596638656,2,47.886372970310426,6.720214811026389,3.0392156862745097
38,F2,1.2176067011020202,1.244131965651736,0.14555256064690028,0.8598382749326146,1,12.975341746220032,12.544626633461487,3.0673854447439353
39,F3,1.1542316183001244,1.0552559852234915,0.6746575342465754,0.3458904109589041,3,17.42707829538995,5.248285696090085,3.664383561643836
40,F3,1.1416781791789088,1.2197473296248214,0.3609271523178808,0.6655629139072847,4,8.657369082964356,7.962875605676185,3.3112582781456954
41,F3,1.115412722759721,1.3132114882579013,0.6916167664670658,0.3203592814371258,1,15.324419223995347,7.790884845306296,3.691616766467066
42,F3,1.190328820092156,0.9401024238917498,0.5555555555555556,0.4507936507936508,1,25.121042014228106,7.2645281068332155,3.5555555555555554
43,F4,0.9821570134389963,1.0689962180621413,0.3506944444444444,0.6631944444444444,2,37.07101468883154,9.433559249075882,3.3402777777777777
44,F4,0.9692620518322319,0.7502688047936048,0.10283687943262411,0.9113475177304965,2,25.12523332744701,2.1255157660354653,3.0638297872340425
45,F4,0.9915004193199186,1.1180855818961586,0.38205980066445183,0.6245847176079734,1,13.590507122942602,3.8140592251274392,3.382059800664452
